OTUID	C15A	C15B	C15C	C2A	C2B	C2C	C40A	C40B	C40C	C4A	C4B	C4C	C8A	C8B	C8C	T0A	T0B	T0C
b7baa37944fb48185b3ccd35739564a1	7068	6498	7198	8357	7573	7124	4524	6459	4730	6459	5836	7134	6403	7355	7170	204	239	1164
a82a5a7c35c28c40ed5a305f97da5279	1154	4210	473	3997	6020	5478	1323	75	1340	5903	6373	4661	6309	4755	3794	301	269	320
1bfdaa567ac92f2e89705c00eccc1787	2330	1324	2189	1666	1647	2075	1258	1566	1707	2163	1634	2169	2006	1720	2197	4775	5020	5186
e28bc9caeabd276628e70bea91c2db48	1133	627	961	719	701	887	598	700	685	999	729	1003	841	767	1006	2562	2598	2625
97b761526814e975f8e72239f997a31e	1038	346	1273	2044	832	815	396	934	255	629	365	1773	577	944	770	18	19	43
ae218b0c831c009018603ea094d96eb7	259	765	80	653	1172	878	274	0	243	1046	1043	910	1090	919	636	35	42	38
c7b5a3ddf50e719b0665a9457c1fa0dc	0	0	0	0	0	0	0	0	0	0	0	0	0	0	0	3329	3246	2902
da61627240af7b4694b0ad2d6d0dc4fd	379	971	111	107	401	544	866	46	702	946	1281	361	1212	557	506	4	17	15
a3313f09060d3aa1d324ceb54d98b3a3	1700	564	1204	0	0	0	987	1579	1068	0	0	49	81	487	621	0	0	0
567f47c2717e827a7fc666e39e330023	339	788	236	386	624	531	534	83	300	653	911	494	675	585	492	9	23	56
b6337b42bcfd0cceb53036322b27704a	221	210	251	405	323	380	195	142	235	394	335	339	329	316	318	853	1003	1075
cbc90c12213b0bf0149a18539afe5c1b	1102	372	998	20	8	0	695	1297	817	27	11	37	61	362	528	2	0	0
5e7cfe9c5dbca07f13c53b0c2b567656	117	465	201	96	200	311	660	82	475	316	624	222	405	339	318	429	221	315
708795bce6cf3086da5d5b41be8b74e9	264	234	176	295	332	355	157	41	245	646	343	311	284	271	250	322	464	425
2cac2a308a6d88941c8d471c5b6595e6	608	270	974	39	26	9	834	595	927	53	40	199	127	331	595	0	0	0
aaa28bc345a452ab2c4221fa7c234543	20	1972	7	0	0	1	2244	5	2084	0	0	0	23	35	7	0	0	0
34329c0065bbfc10ffc152e921abb883	568	194	737	0	0	0	659	1663	879	0	0	7	0	68	207	0	0	0
b0447ab0498ecd51021cdeb9f7a11484	475	182	753	0	0	0	670	1660	883	0	8	11	11	70	177	0	0	0
d81953d362dec7498d6d823c1639b3d6	27	56	24	103	125	186	30	10	0	129	149	105	99	90	52	1423	1140	947
6809c05ef99c8e1f8b87034d7fc53a32	450	178	685	0	6	0	645	1598	859	0	0	0	0	59	164	0	0	0
a85e2c787cd1c7189665a80f4e0ce6eb	442	184	648	0	0	0	566	1561	797	0	0	4	0	42	176	0	0	0
d460e5348da8ca066b3a996aeea75097	454	151	629	0	0	0	599	1561	772	0	0	6	11	42	149	0	3	0
8bef4c83feb21707003f3ec16a6865c9	273	280	341	297	320	262	197	284	189	254	166	278	199	324	236	0	0	27
6ca1b5f3f0d2b8dc28826eb2fb6501f0	257	254	203	297	284	280	227	245	142	188	243	252	206	282	268	0	0	44
af82051ea355a1e9cbfb7896878f2746	705	210	551	0	0	2	388	702	446	0	0	13	30	224	288	0	0	0
c1b85d240b54247d1a475904e33caabc	186	248	186	270	288	273	197	110	207	230	222	231	214	227	230	0	0	54
3834885909c8e7469aa38f05c4b5232f	299	88	327	528	211	169	85	250	60	130	73	414	134	241	193	0	0	0
9df95bc9f344ac88e9d80ffedafc3d0f	120	91	146	92	131	95	85	53	77	116	101	105	125	97	89	377	431	493
a2132c790e120c625c5944b3c4f2c5c9	193	61	258	439	143	170	66	193	49	117	43	358	80	145	154	0	0	0
b3d425e5fed25a598f2ce635b149c50a	189	186	193	240	177	174	84	203	0	172	163	184	150	207	204	0	0	0
b57bb367e831c4c11816fbadd32c271f	226	65	277	400	143	146	62	158	42	125	51	348	87	172	141	0	0	0
4ebd8fa2b2e55954f82078fa21cac76a	80	101	83	84	166	154	104	20	97	230	213	163	130	115	139	143	226	207
fbc77a72603b9586aef6bcb5385c488f	118	74	61	133	130	108	100	27	82	102	146	86	125	128	71	353	208	171
bf5c6c0381f4a89349980055f2743786	113	171	53	57	205	179	192	0	111	186	236	159	234	177	109	0	0	0
bbf53116f0ecc84fc67cd746062d3fa7	42	157	68	49	105	152	134	44	163	118	205	82	147	92	159	162	101	145
0538224b8303db20d2548561d3aef8be	219	102	431	0	0	0	342	180	314	17	10	76	43	95	276	0	0	0
a6c98a3fdbedd9741c7dbc8b11f2d260	8	18	0	542	372	321	0	0	8	145	164	195	64	52	63	0	3	28
48e62484ee0870785c312e4049102162	204	134	337	0	0	0	337	225	311	0	26	71	46	139	231	0	0	0
2479befabfe296d594bae4c6ad7a3b40	26	42	42	61	59	71	56	17	85	82	77	80	73	39	75	408	364	326
fa15c4d711716b434630a92d4c8d6415	204	126	139	115	127	132	66	176	107	98	89	147	116	126	160	0	0	0
22c407b3def07090828b1f1bd69a073a	96	108	86	131	143	142	97	53	118	136	170	145	111	92	128	44	72	67
9b4a132829adc9527f4f898f5cb67fdf	41	0	61	227	114	127	36	31	28	83	88	88	76	54	88	120	204	210
dd6f51514c6df10ca7e0085cf41baa9f	28	38	32	64	76	154	34	0	46	96	81	49	41	53	79	168	298	301
575f2d2e19e6f76fb3377d84fe40df5a	0	0	0	0	8	10	8	0	10	8	0	0	0	0	0	457	513	448
b15866827fead9cfc6aa146ae4c83816	0	6	16	23	22	36	0	0	10	19	29	12	28	9	15	300	429	442
97ac21e0aaa34e27a5b9f9ef15006cd6	10	21	12	23	32	49	14	10	15	28	35	26	21	20	19	497	287	200
f1020293b0671d0fa253b19eb8db7076	32	31	34	224	64	92	31	0	27	58	44	70	38	38	49	102	159	166
ca041d0519ef3a2936934dd901f3cd70	36	78	28	39	41	69	66	23	67	45	70	56	53	53	71	195	182	114
febc4eee7e7351d17897764213cec083	8	0	6	320	159	138	0	0	0	122	72	163	61	30	60	0	19	0
386e8c0d5712c987887d38ec5c0cb75d	10	0	0	39	51	42	0	3	8	31	64	18	21	10	11	443	206	219
6dc086bb99734438fbeb2324e96c9f51	212	80	118	0	15	0	148	107	78	32	12	29	92	86	105	0	0	0
4958ff887312f0fcd2c23dbb3730a137	74	68	71	87	73	82	52	69	48	82	63	82	77	70	78	0	0	0
2593f756cc116af05f97dce9d16a0d75	0	35	58	58	24	37	24	29	33	35	55	42	25	16	48	120	174	179
eb93031d017c8565aab15512e389bc13	38	146	70	22	38	36	128	14	73	51	82	24	71	60	45	0	0	0
99f3d3327dfab25022b35217cfce2c41	18	45	20	28	25	47	85	10	49	53	85	44	53	41	34	107	70	61
c72ca6933678675d969fbb9de258e801	0	10	0	0	11	9	0	0	13	17	35	8	10	9	11	149	340	241
40d188775e43bddf78662ca3cec59fd8	0	0	0	19	57	36	0	0	0	0	0	0	14	0	0	260	207	271
d7371298c6fac2da4d985d525bd27ee4	0	0	0	48	37	49	0	0	0	22	49	26	0	0	6	245	156	205
6abd44103e6c514603c8c8c113c6fea3	78	0	92	157	51	34	0	79	0	0	0	138	0	62	62	0	0	0
5d346c6497ff7335a12242dea1788bb5	7	22	8	16	30	30	19	0	0	26	41	17	16	19	16	249	194	137
8b73486ee4e7877c6fb8872946e5b139	24	80	0	0	32	54	70	0	54	107	130	24	134	52	41	0	0	0
b4339c1dce0113387b06d7a618735b75	23	21	19	56	55	36	21	13	16	39	51	55	35	51	29	119	55	96
febd3dec8f0bcf7a99a7d47d479091e8	21	44	41	81	64	60	50	0	47	101	56	71	48	54	54	0	0	0
475ad0edb21f8c2486010ab9915a952d	0	89	47	75	72	84	0	0	39	66	68	65	62	85	0	0	0	0
efcc1b159b1927cdb218803ea4a4b22c	133	0	238	36	0	18	0	78	0	7	0	60	0	64	55	0	0	0
68b667855279b928ad75e44ff4286125	21	23	18	17	0	53	23	12	20	17	39	11	74	20	22	140	129	103
0398d84211fa871c4e7404a9a651246a	30	39	43	33	29	35	57	22	49	48	45	35	56	44	45	36	61	44
aaa3a51b1da3de21fd07577da243eaec	67	45	81	64	44	43	41	56	28	35	42	54	31	50	49	0	0	0
03e572be6b01276d920c8168dc2e9597	44	54	37	46	65	48	29	49	37	51	43	77	48	63	42	0	0	0
c2d83928dea2cb815347da27224e517f	22	52	12	23	97	78	26	0	20	96	44	39	73	67	39	5	3	15
aaf0a62d8fc4d958147b94450579f3fc	41	23	25	99	79	44	7	37	0	64	36	70	37	52	52	0	0	0
d3957b92586711a1cb9455428955333f	0	0	0	0	0	0	0	0	0	0	0	0	0	0	0	233	233	246
d84d2c2b8a56578a521b0712c03e3dc9	20	72	10	11	34	44	44	0	12	42	61	35	55	45	50	49	52	36
24c3ddc41a184135115bd91ffc6b86d8	0	0	0	0	0	0	0	0	0	0	0	0	0	0	0	182	264	241
281e320b212d06c5e84f91a15b78d7e4	24	27	21	29	43	53	61	6	28	39	71	23	29	23	16	69	53	33
c9efc7890d13a22cbd2825f0c87169bc	16	33	23	12	37	47	11	0	7	31	62	17	66	21	25	90	69	71
fe59b48859156a24340ac53cf29048e0	5	47	7	22	25	33	10	6	15	19	66	17	44	22	35	90	79	71
67444a7ad71ef557a97e40104bbd50f5	0	0	0	0	23	30	0	0	0	36	36	0	0	0	0	179	145	203
b2abb7de10f972ea3cc720e768d7533f	0	0	0	24	13	24	0	0	0	0	30	41	0	0	0	167	139	185
99438bedde1796e9ea145eee15d81836	50	41	48	43	41	37	30	38	43	30	28	61	32	43	45	0	0	12
172c1440bf51a908d9ae61a6b77e1646	8	0	0	0	0	17	0	0	22	7	22	11	0	11	11	121	254	114
7ba5e2122299deb67f673fb58a5e43a4	0	50	0	38	91	62	0	0	0	70	68	43	80	63	0	0	0	0
fba662cc47a941357dcd41866bd3b842	54	0	60	68	56	55	0	74	0	0	0	59	62	53	39	0	0	0
f2b5c571534b67bf67fbb5436b0f75ad	18	22	11	23	13	30	17	18	20	36	28	18	33	25	19	112	58	68
6889af931c9a0c8d4265849a02848d80	27	37	0	32	31	46	43	10	42	46	42	35	41	40	42	26	21	0
a288a4aab3b862019526ec16c11a78c8	0	0	0	0	0	0	0	0	0	0	0	0	0	0	0	218	177	176
166f6ddfa06bfcd45526555a179d94c8	0	0	0	20	35	29	0	0	0	28	22	0	0	0	0	140	144	96
422cd610319e4227e19500edd595fc19	0	0	6	3	0	0	4	0	0	0	0	0	0	0	0	179	174	167
c4b06460100f0c615d942b2848ae2a6d	56	54	29	0	0	0	128	19	46	27	31	31	41	45	35	0	0	0
29bd67e1b853cdc63310d918bec8bd2e	0	0	0	0	0	24	7	0	0	8	14	0	19	10	7	122	150	139
57e8d51653071e493d93c00b104a92a8	0	0	0	0	0	0	0	0	0	0	12	0	0	0	0	136	160	191
6f1f36145910c151eec0c58b7cde65bd	0	0	0	0	15	21	0	0	0	0	0	0	0	0	0	136	153	153
c2d92cff769a427044c60dd42dec4730	20	22	7	18	22	12	9	0	10	24	34	16	16	15	17	60	67	86
078f99b75f7bb5de47417046f5b2d4e5	50	0	0	52	45	0	32	42	0	0	51	0	70	44	49	0	0	0
a9871277bde31bc7acac319397b47253	58	23	16	36	80	19	12	0	14	36	17	13	28	31	32	0	0	0
f7a05cd62aeab45bad8cb2aba2d09a21	0	0	0	0	10	7	0	15	0	5	6	0	8	6	11	55	199	108
0a7194576fcef3cecb8c3efa5dcc82a5	0	0	0	0	0	26	0	0	0	0	26	0	0	0	0	126	145	146
2621b030858deec100493946a67814a0	0	148	0	0	0	0	137	0	226	0	0	0	0	0	0	0	0	0
357b9856061a7ca06c2c4dcc212f5cc1	59	30	79	10	0	0	0	0	44	22	0	27	52	49	44	0	0	0
9b57802e0fcbe1b97f7b40b451865ecb	38	0	37	79	35	45	0	36	0	0	0	51	0	49	40	0	0	0
5fa3ee46819c4b6432ab03056b419282	0	137	0	0	0	0	173	0	183	0	0	0	0	0	0	0	0	0
b16bdda0f13d018f5cc419ecb6074200	46	29	36	0	0	0	45	35	100	0	0	16	0	37	66	0	0	0
12f13f2eac6ce6eca591d2554f1058bf	26	28	31	30	34	31	36	16	0	0	21	32	35	37	34	0	0	0
1d1d526a39076c9cb0501b27e4190335	4	12	10	22	11	23	0	25	0	24	60	13	28	25	15	50	32	37
c1edce5ee2d9e15cdf9c0b9bfb1841e1	0	0	0	0	0	0	0	0	0	0	0	16	0	0	0	144	113	146
e5f45158c9ef96a9eb278f32307cb69b	0	3	0	0	0	0	0	0	0	0	0	0	7	0	18	65	222	85
d2d1e6275f2e0dcf7e38ea0f6e4a8e7b	0	0	0	6	0	0	0	0	0	0	0	0	0	0	0	130	121	151
c79722c32fd0b4b3c6e22cbf5b33278a	0	0	0	9	0	4	9	0	0	2	18	7	5	0	5	63	165	116
94ca89bc5f8aad8d531da8d55cab9e89	0	33	12	0	27	25	14	0	0	23	55	27	25	15	24	42	21	36
41fe7669544598b3a2a5feaa869305e1	51	0	0	52	19	36	0	0	0	14	22	22	0	0	8	35	66	49
54e68ec61a3c646d88ece858334ea259	64	0	55	63	0	0	0	0	0	61	0	0	0	67	50	0	0	0
a0cfe2c142975191ddc44d464fa2cf62	0	16	0	0	0	0	240	16	154	0	0	0	0	0	0	0	0	0
1d211cc8ec4e40fcc68c8371db45f6f7	43	42	49	0	0	0	123	30	81	0	0	0	17	0	0	0	0	0
1b3c11b8fce4846e27cf1070be403cd8	0	7	0	0	29	18	9	0	0	23	121	0	18	29	0	44	0	27
12f6ed03f693a0c7842fe5d5f37ad028	0	41	0	0	0	0	209	16	130	0	0	0	0	0	0	0	0	0
dc080e6ee8afd5ae857d9d6da0a68ca8	19	16	19	23	0	18	19	22	16	43	29	0	0	31	7	26	14	18
5877dbf05937dc1d83d13c0c4d0c74ff	0	0	0	3	0	12	0	0	0	0	26	0	6	0	0	70	132	65
26bc2ad23fa80b9b51459cdbdfe8c5fc	5	0	0	7	17	24	7	0	5	21	21	0	0	0	14	77	56	63
12416dccaae5032e5318390ef672b4fd	0	20	17	0	24	23	35	0	23	29	32	20	24	0	15	19	20	17
6d8b412a12cd8ab30b8af21a9cdcc287	23	21	18	0	0	0	84	16	34	14	21	16	19	26	19	0	0	0
432fd2dcea1358eac4c5da2f542dda3c	6	37	0	0	0	0	177	20	98	0	0	0	0	0	0	0	0	0
04fe9c174640e3debb0f6c66e2bd3428	0	36	0	0	25	28	23	0	0	43	45	31	0	33	26	0	0	0
cf81912545dd754848a050b6e7fe47ac	17	29	0	0	9	18	21	0	10	37	30	21	28	32	26	0	0	0
2b000d9cd965225aa3b7679292679e84	0	0	18	11	13	0	18	0	0	36	33	0	27	14	0	40	26	38
dee5ed1649c586e938c045e140941f12	10	42	4	7	15	17	17	5	31	21	37	12	34	27	8	0	0	3
235d9c0b11ecca62a3d49477c929ca52	0	0	0	85	47	36	0	0	0	32	0	48	0	0	0	0	0	13
8ae281b99eaf050de510f83c43cc9c79	0	0	0	3	0	0	0	0	0	0	0	0	0	0	0	80	119	79
7b3589a8e4809f6ac8fe4c4ff749458e	10	9	0	11	14	20	16	0	0	8	18	0	29	16	0	47	36	22
222f46498d74d19d67b67b91a1c4a73f	0	0	0	33	0	17	0	0	0	0	0	0	0	0	0	44	83	81
da1c0ba4c6b8c9a4d376d89178f8f1b3	32	15	25	0	0	0	42	10	20	28	0	25	16	19	24	0	0	0
717add96748fc0431b8208c8cf47c82b	0	0	0	7	0	0	0	0	0	0	13	0	0	0	0	38	98	91
de7bb691cdd9219e263238000adf7d09	0	33	0	0	0	0	0	0	8	22	35	0	33	22	18	34	26	0
674091b2f8d8c3a033f7377453d80146	0	0	0	0	0	0	0	0	0	0	0	0	0	0	0	92	98	60
ed201b9794bc49e18075e7bee70f53e1	11	0	0	15	16	25	13	7	21	13	15	6	32	15	13	25	0	9
9c692e302675ffd1d66e0039675fd533	30	0	18	37	23	30	0	0	0	0	0	24	0	22	21	0	0	0
874fbdf6dd9f7ebea49bf5d351aabae9	6	22	12	4	10	24	0	8	6	26	20	8	23	17	17	19	9	3
52242e5e65cc1c0667e4e9edb73b7a22	4	10	6	3	9	4	7	0	10	4	12	4	9	5	11	62	47	33
29f9e5bb724adb15cdc0f40ae1881f76	0	21	0	0	0	0	25	0	28	0	21	0	0	17	0	48	34	37
f7403886e2d59f4038209507720488ee	0	22	5	0	17	24	0	0	3	16	18	4	18	5	16	22	17	11
a0f12d46cd3827f54b29a5f1f3c00a3a	0	0	0	0	0	0	0	0	0	0	0	0	0	0	12	74	76	55
0d15db157007161fb74537c85a90353c	11	0	0	16	16	23	7	9	18	13	19	15	0	8	9	18	12	8
3f0c383b883d745452aa4a8b54afcde3	0	0	0	0	0	6	0	0	0	0	0	0	0	0	0	86	48	73
57a899194491657c83a263378ed5063a	12	13	7	0	11	0	17	0	0	13	11	0	9	0	0	40	46	27
733ad6c3e2f85e9ebc7b1b1aa868c3fd	0	0	0	0	0	0	141	0	101	0	0	0	0	0	0	0	0	0
0f15f8222dd4220fefa35d816af9a431	12	12	11	0	7	19	14	7	18	9	15	17	21	10	17	8	0	7
c1e8d1b9e9eae5e8fe06187252d3e67f	0	0	0	0	0	0	0	0	0	0	0	0	0	0	0	79	54	60
f6c03d9257233cb98df20500b83a49e3	0	0	0	0	0	0	0	0	0	0	0	0	0	0	0	42	86	76
c2c6265b31a8caee46d45b253b0550c7	0	0	15	0	6	0	0	0	0	0	0	0	0	0	0	29	84	58
a56e50d3b73e377de39a9960a47de00b	0	9	6	0	10	9	6	0	0	27	10	6	5	8	5	38	18	14
09444d6305af70253eafd31140e92b2f	2	9	0	0	7	11	0	0	13	11	20	9	18	10	5	15	22	11
aa4a1048067ac633fbb21c63e20ea81d	0	0	0	0	0	0	0	23	0	0	0	0	0	0	0	56	49	51
34654c40b68e94c623f61360bc99604f	0	0	0	0	0	0	0	0	0	0	0	0	0	16	0	41	49	61
b7dd576ec03c30cb2b70b70bcbe61d93	0	0	0	0	0	0	0	0	0	0	0	0	0	0	0	52	75	51
e263b3075836f6adbc5a0cfd57cb8baa	6	11	3	0	4	8	7	0	0	3	11	10	5	13	10	34	37	17
4fda78f853847b0cc059979344e9363e	0	17	18	0	0	13	21	0	0	20	27	7	0	12	20	0	0	0
22fcf59f18d07bb7b2a7b38eb67e6edb	8	9	0	12	10	22	7	0	0	8	16	10	19	0	9	9	14	0
bde97f8505ccf8675eb93b5698d77da6	0	27	0	0	0	23	0	11	0	0	0	0	0	0	68	39	0	0
c5d75b9e4e5be689154bfc696a9a0d0c	0	0	0	0	0	0	0	0	0	0	0	0	0	0	5	32	85	34
7730e06df70b9d4575115e4ba2160f14	17	0	23	0	0	0	47	12	43	0	0	8	15	0	0	0	0	0
b1eb62e47652426cb87f68da47e2f6ae	0	7	8	0	0	7	0	0	0	0	0	6	0	0	0	34	51	43
860dbe9d30014540fd8e85548835e8f2	0	0	0	0	0	0	56	73	41	0	0	0	0	0	0	0	0	0
683f9a30a790eb8cd1ea879c50b6f3ec	0	16	0	4	9	6	16	0	9	5	38	3	18	9	12	0	0	0
4535a725b92d712772fb581b261f86a8	0	0	39	0	0	0	0	0	0	40	0	0	48	0	0	0	0	0
7edc470e30a0fb867598264c9993f641	0	0	0	0	0	0	76	28	45	0	0	0	0	0	0	0	0	0
a16071a22e37d874db117785a19fa289	0	12	17	15	0	19	0	0	0	0	0	0	25	12	0	19	14	0
55915c4e01313b072cd5fd72eb159762	0	0	0	0	0	0	88	11	65	0	0	0	0	0	0	0	0	0
179d9c926abbd6bbf14c9a0c4cb82118	0	21	0	8	16	0	0	0	0	15	17	0	15	11	10	0	19	0
a8ad3a892e01538be425ebd1a901ca81	0	14	20	15	0	0	31	0	17	0	9	0	21	0	0	11	0	16
e8051fe038b3b591a5c8adb51a3550be	0	0	0	17	24	21	0	0	24	21	15	11	0	13	0	0	0	0
d8c99d99ff4029df0dbe42ee13280347	5	8	0	0	6	0	0	0	4	11	23	6	15	17	0	28	0	16
894d7266281b34dcc2e07407b3a5ea2e	8	0	8	0	0	0	10	8	0	0	0	8	16	0	0	38	21	25
a44090ab73b9ecc49f3badc35d60ccb5	47	0	73	0	0	0	0	0	0	0	0	0	0	0	0	0	0	0
94e4efc8ba0bae7bb51db7dd742a186f	6	5	0	0	3	8	0	0	0	0	4	0	0	15	0	36	30	24
644708bb64903b3b4ba8cd428fe349fc	0	0	0	0	0	0	113	0	39	0	0	0	0	0	5	0	0	0
6e0c2da4d9cedcdbbdb90143fa862a3f	0	0	0	0	0	0	0	0	0	0	0	0	0	0	0	74	29	40
159c277d779d91cbf34714738bb0d6a3	0	0	0	58	0	0	0	0	0	0	0	0	0	52	0	0	0	0
d8cf90f07bba813f2c03c5cffe332e82	0	0	0	0	0	0	97	0	57	0	0	0	0	0	0	0	0	0
66ad0cb59266cd99ddab7df3993dcc14	0	0	0	0	0	0	0	0	0	0	0	0	0	0	0	36	57	38
644f291ce613b907966528a410612a85	6	0	6	9	0	12	11	3	0	9	16	0	15	10	0	22	0	6
bdd98d2cb97c6fd6477e0b75f2533a63	0	0	0	0	0	0	0	0	0	0	10	0	0	0	0	43	45	27
70b9f8734b591dc62c57a3e363119e68	0	0	14	13	0	8	0	0	0	9	9	9	11	7	14	18	0	0
24278b27767ab840bb9358e3e3ae2e3d	0	0	33	43	0	0	0	0	0	0	0	39	0	0	0	0	0	0
eb77122141c0b8c296cc7562c3d39e13	0	0	0	0	6	0	0	0	0	0	0	0	0	0	0	38	46	31
b88017d06a8c6c631bf9d1c42f6508f9	0	0	0	0	0	0	0	0	0	0	0	0	0	0	0	42	47	29
6ca6b8ee8ec047fdf0b99f15c2be6d47	0	0	0	0	0	0	0	0	0	0	39	17	0	0	0	24	0	19
760db57b5aaa845e4f02d2cadede3eaa	4	5	0	6	9	14	0	0	0	7	13	2	12	5	1	22	8	4
08b72eef137a8ea39e256f7264ade9ba	3	6	8	9	12	10	0	0	0	5	8	0	8	8	6	24	14	0
118355a1ece166333baf5d68340820cc	3	8	8	0	4	7	0	0	7	3	15	5	14	13	4	12	0	6
64d1ae7bb1cd896e924b28d00a4d5fad	0	0	0	0	0	0	0	0	0	0	0	0	0	0	0	39	0	85
97e2e97d3a88e863ee5e22e4f79ee399	55	0	0	0	0	0	0	0	0	40	0	0	0	0	0	0	0	0
36db1d69e1c35ba265870b7d7078f032	3	0	6	10	3	9	8	5	2	10	7	0	0	2	5	15	18	9
3d2d9e908f7b963412e7354baaff00a0	0	8	0	0	0	27	0	0	0	9	0	9	0	0	13	0	28	24
4a85bd21a2d67876f313d29d1e88ae23	0	0	0	0	0	0	0	0	0	0	0	6	0	0	0	48	31	28
a0e2673726ff8606d106635e05660f7c	0	20	0	0	0	0	25	0	0	3	15	0	18	0	0	16	11	10
e45ac5a0fbe88e2cfe0b604780228052	0	6	0	13	0	11	0	5	6	10	0	5	0	12	6	28	0	15
ba0134a9ff06fa6569d0f4838469ec5f	0	0	0	10	19	11	0	0	0	6	0	0	0	0	0	31	19	13
69a393a97fcedaa892555f03ca1587d2	0	0	0	0	5	0	0	0	0	0	0	0	0	0	0	48	13	41
ce78b00ffa960d827f601fde4e97e720	0	0	0	0	0	0	0	0	0	20	0	21	26	17	14	0	0	0
7e27ae527aeb93f44895b292e5fc63fa	0	0	0	5	0	0	0	0	0	0	11	0	0	0	0	22	21	57
20611bf4222c09b9250f3763de787791	0	8	1	5	6	7	10	0	0	17	8	9	10	5	3	15	0	0
b3bd0e6777e8e22c6b19cd0121f8bf90	0	0	0	10	0	0	0	0	0	20	0	0	0	0	0	29	36	14
b7f5784c25da8fce1209c746610fd980	0	0	0	0	0	0	0	0	0	0	0	0	0	0	0	22	60	26
4d591af940e3c6b0f036bf3c1318bc08	7	0	10	29	6	18	0	4	0	0	4	11	0	7	0	0	0	0
05bf24fa99327fb5f7ae5b7e48e9688a	0	0	0	0	0	14	0	0	0	0	0	0	0	0	0	27	28	40
5b49dc138a22645227b1d66924efaf14	0	0	0	0	0	0	0	0	0	0	0	0	0	0	0	41	29	31
9f0c997c093d7554aaa103271670029f	0	13	0	0	0	0	69	0	38	0	0	0	0	0	0	0	0	0
383d4d6cc9707e7ee4f721b4f54c45f0	0	9	0	0	0	0	72	0	39	0	0	0	0	0	0	0	0	0
89274d8c400eedff929ef9ccac58c408	0	9	0	0	7	6	5	0	13	10	7	3	0	5	5	15	9	7
d2d094c777ff4a909ecb703c92c5d8eb	0	0	0	0	0	0	0	0	0	0	0	0	0	0	0	19	51	30
c8d859b568ca3fcd687a91cb163a8ff7	0	0	0	0	0	9	0	0	0	0	6	0	15	0	0	56	18	12
d1e3c4d07c3096208026f19daaf274cd	0	0	3	3	6	16	0	0	0	0	8	7	6	10	7	9	7	5
f43ccb9dfaa34390d6aee8545e61126f	5	11	0	0	5	9	6	2	12	7	0	2	8	6	4	6	7	0
98693eae63738e7b5a08771832051ae5	0	42	0	0	0	0	37	0	37	0	0	0	0	0	0	0	0	0
1c11654afd83831f7f78e335ffc99165	0	9	5	14	0	11	4	0	3	10	6	6	15	3	0	12	5	0
32c9f516d51a6c49215d1dca927bbb83	0	7	0	2	0	7	5	0	10	6	18	0	9	7	0	14	12	9
ba316e9f1b59f10179a45797dd4369aa	0	0	0	4	7	0	12	0	0	0	5	7	3	6	6	15	11	16
e495448ab87879ee08f0f9fa5349da6b	0	0	0	0	16	0	0	0	0	0	0	0	0	0	0	74	0	13
d7429a432976c11bfd2886ffce66fce7	0	0	0	0	0	0	7	0	9	9	30	0	0	11	0	0	0	15
135ff9d1c03e16134740704c576c8912	0	9	0	0	0	0	0	0	0	0	9	10	0	0	0	21	30	18
a948fdcc7475d98d4dc32b5446299a12	4	3	0	11	7	0	14	0	20	3	7	7	6	9	4	8	0	0
44f695e1849b0814eed7c9ff9cdd3bc9	4	7	0	3	0	16	0	0	0	7	10	0	9	2	7	11	7	5
b05feec42c6e5f0952be0229cdd8451b	3	2	6	27	16	13	6	1	1	3	2	1	2	4	2	0	0	0
f8f687d946a5c228c492909f03675448	0	6	0	5	7	5	6	0	0	7	4	5	2	0	5	17	17	5
0516a32ba42218c077664f8e067d2a67	0	0	0	0	0	0	76	0	30	0	0	0	0	0	0	0	0	0
bb4dcbae406885437483f426c489938c	3	4	4	5	5	12	0	0	0	6	8	10	0	5	3	6	8	8
9e46b2ace2ee54fd8d974b72647779fc	0	0	0	0	8	11	0	5	0	12	11	0	0	0	8	20	17	0
16e3ab58c7ee92ee6b36a6a06a99b8fc	0	4	0	2	14	9	0	0	9	8	8	0	6	4	5	6	6	5
125387133eea7cf99ec570b822c70f43	0	0	0	0	0	0	78	0	28	0	0	0	0	0	0	0	0	0
2c671e68ba1210e6e084dc5ef3d297d7	0	4	6	6	5	10	6	6	9	8	11	6	7	0	0	6	0	0
f63b65b576cc150787494b352ddfdcc5	0	0	0	0	0	0	0	0	0	0	0	3	0	0	0	33	27	32
385f2a2b4ebdf3e5a3e68ad9acbbbe79	0	0	0	0	0	0	0	0	0	0	0	0	0	0	0	16	15	57
8cf9b02630e74386d1e7f316c3c9cebd	0	0	5	13	0	0	0	0	0	0	9	0	6	5	4	27	23	0
7987a1defbcb9bc14b91722f3662bbf3	0	0	0	0	4	0	4	0	0	0	32	8	0	9	0	11	0	6
7604164223b1d93951c621356f563b06	0	14	0	0	6	0	10	0	12	5	18	9	16	0	0	0	0	0
b1e1fac13bb7622ad79d0274836a902b	0	0	0	0	0	14	0	0	0	22	0	0	26	13	0	0	0	0
55fbf6f5379e871f6b7c536f1222716f	0	0	0	0	0	0	0	0	0	0	9	10	0	0	0	33	21	18
b6a4b7ed8d818dad9b055cab46257eca	6	0	71	0	0	0	0	0	0	0	0	0	0	0	0	0	0	0
f5e007d78ee712dc95e22647cbe8e631	6	0	0	0	16	0	0	0	0	6	7	5	0	7	0	10	16	9
774cf84d3e1496883185039226a2239d	5	0	0	0	5	11	0	6	13	10	7	5	8	0	5	0	0	0
a3891dd82bd0ab8e06a91409e0915b14	0	0	0	0	0	0	0	0	0	36	0	0	0	26	0	22	0	0
14ff130c792af8322325955e4975f952	0	0	0	9	17	13	0	0	0	6	9	4	0	2	0	7	10	4
002f65d111e6b3b3a58acce7b128743b	0	0	0	0	0	0	27	0	0	0	28	0	0	0	0	20	0	0
b91a40b4d091c49fd0840eedd281bbe9	8	7	5	0	5	6	7	0	0	8	6	0	0	5	2	5	7	9
7fb1dd7c2321ec02edafee14160f35ad	4	11	0	0	6	0	18	0	5	8	17	0	4	0	6	0	0	3
6ab936d69229e7655c60144c3cb52469	20	0	0	0	0	0	0	0	21	0	0	0	38	0	0	0	0	0
526b856825ea565bb2e447f68c34731b	0	0	0	0	0	0	0	0	0	0	0	0	0	0	0	0	41	33
3b6384a7842d7b0216eb24f07233dbb0	0	7	0	0	0	11	0	0	6	9	10	5	5	4	0	5	5	4
f7833199ed9568996a38cd88da93254c	0	7	4	7	0	0	8	0	0	13	0	4	7	0	0	17	4	6
e3f9bd260e28cda1470e2673b255db03	4	5	0	0	2	2	0	0	0	0	5	0	4	7	3	23	9	10
32b3fcaf2fae1b62615c69c79c68b597	0	0	7	5	0	6	0	5	0	0	0	0	0	0	3	27	16	8
5aa0223b2d3bb4e527af4a28976a36e7	0	0	0	0	0	0	48	0	38	0	0	0	0	0	0	0	0	0
3aec4b22c3cb52fcca5d9f55b1a6ccab	0	0	0	0	0	11	0	0	0	0	0	0	0	0	0	12	30	17
381aee5ae5015e6c557c66bcade28cd3	4	9	4	0	0	12	0	0	0	0	8	4	8	4	3	8	5	0
d8b10c7c4be1a4b9c311f7914fb3dc5f	4	0	0	2	0	0	10	0	8	0	13	0	5	0	4	15	14	0
e3e14f3edde71076def5c3d3de79aaca	0	0	0	0	5	12	0	0	0	0	15	9	0	10	6	8	0	0
a93e0bb2363712098aa99ce1b90394bb	0	4	0	0	0	0	36	0	41	0	0	0	0	0	0	0	0	0
dd3c11b40fd08d3f36cc0a5e5979683c	0	0	5	0	9	0	5	0	0	0	10	0	14	0	0	0	19	0
45a0069cb47265e69f7096cbf899bfef	0	0	0	8	6	0	0	0	0	0	5	0	0	0	0	19	17	5
90bf8f4ab13ddf8fcecfc8d83b73adb2	0	0	0	0	3	5	0	0	0	0	2	0	3	0	0	26	16	15
d20bf0018e37df6626cf2e9a2d9f3f22	0	0	0	0	0	0	0	0	0	14	0	0	0	0	0	0	37	17
e573f67d8bfd3f11e2b459280923d449	0	0	0	0	0	0	0	0	0	0	0	0	0	0	0	14	22	36
bc66d9ffe617f2cfe7010e3a9e61d50f	0	19	6	0	0	0	0	0	0	0	0	0	0	10	0	29	0	0
b220b02d2c8342d65466ce6831fc2179	0	7	0	0	10	11	0	0	0	5	17	4	6	0	4	0	0	0
91eacd6326bd3f525cb696512dbdeb08	0	16	0	0	0	0	36	0	20	0	0	0	0	0	0	0	0	0
b2de98708c39ae08a7238af50639cf20	0	5	0	3	12	0	0	0	0	3	5	7	0	11	4	0	5	0
5ab7b5966380653987704cfdf6f2fc92	0	10	0	0	9	21	0	0	0	0	0	14	9	0	0	0	0	0
42decca451e3de98dc155f4e1a129e6d	0	0	0	0	0	0	0	0	0	16	11	0	0	0	10	10	0	14
2ea439ce9ff9206ceccdf5fb148e560e	0	0	0	8	0	8	0	0	0	0	0	0	0	0	0	13	17	4
0523dbbd029b26f2859715006305a990	0	0	0	0	3	0	0	0	0	0	0	0	0	0	0	22	12	25
a7b2829ad79eb27f12e21b588f1dcb95	0	0	0	0	0	15	0	0	7	0	18	0	0	0	0	16	0	7
feb9c78ed376d80170c1ffba8e830ee4	5	0	0	0	2	0	0	0	0	6	3	2	0	6	4	15	7	4
7994a4a3b683850dc6ba1d5e840c6ebb	0	4	0	0	0	8	0	0	9	6	10	0	6	0	0	8	5	3
22a0f123dedb0e49848dfe9c04338b23	0	0	4	9	0	0	0	0	0	0	14	0	0	0	0	14	13	0
ed0bb5a1c3aa04a1906504edd17c6984	0	0	3	0	0	4	0	0	0	0	13	0	0	16	5	9	0	4
710fa51537c515aaa563d43a33d59dac	3	0	2	0	4	5	0	0	0	0	4	10	5	5	0	7	5	5
8011a2039c47a1d2c357878fcd4aa896	0	0	0	23	0	13	0	0	0	10	0	0	0	13	0	0	0	0
7513bbf3c6da2ce66d2a4f8437a88bc3	0	0	0	0	0	15	0	0	0	0	18	0	0	8	0	14	0	0
8e60a216dc578b0a30c6e14350271973	0	0	0	0	0	0	0	0	0	0	0	0	0	0	0	23	0	36
4406125bf91aca718f4656e3bdd7e20a	0	0	0	0	0	0	0	0	0	3	4	0	0	3	0	14	9	26
40dd03bfadc6647c1d86abfa7a0494b5	5	0	0	0	0	13	0	1	0	0	0	8	0	0	4	13	13	0
72deb492b76325fac2131ea1d9855930	0	11	0	0	10	0	0	0	0	0	14	15	0	0	0	0	0	0
b82c3bdccf3c2a934c2eeae3ef744816	3	7	4	0	4	7	0	6	3	0	0	0	11	4	0	2	7	0
8d3b411545de7004c6597648070f9fe1	6	0	3	0	0	0	0	14	0	0	0	0	0	3	27	0	0	0
460072c37c62f42b79f8c0ae9be014ea	0	16	0	0	0	0	26	0	20	0	0	0	0	0	0	0	0	0
9f79561c297b438dec5e7997e8350e67	0	0	0	0	18	16	0	0	0	0	0	0	0	0	0	27	0	0
2c3887e9b79ca16f95e77a8d7cbe16d4	0	7	0	0	0	0	0	0	0	7	13	0	0	0	0	14	0	12
de3bf8df7a0773b99c73b40e00e3b7a6	0	0	0	0	0	0	0	0	0	0	0	0	0	0	0	30	28	0
0886e2cf63b64ba95c17fd9015d9f7df	10	0	0	0	13	14	13	0	0	0	0	0	0	0	0	0	0	0
7acbf52b9b0ca41de622437b7a83246f	8	0	0	0	0	0	4	5	19	0	0	0	9	0	9	0	0	0
69ff9b0acf818e07dcb078914f21ec53	0	0	0	0	0	0	0	0	0	0	0	0	0	0	0	24	16	7
e12678dd91c2787b63f58d55f8163aa1	0	0	0	0	0	0	0	0	0	0	7	0	4	0	0	0	20	25
cadd89a9200631ebce7f5d633b2f87ca	0	9	0	0	4	0	15	0	0	10	12	0	0	0	0	0	0	7
a296be5846627112643c756f16c7b4b6	0	0	0	0	0	0	19	6	34	0	0	0	0	0	0	0	0	0
a50e9c0b5d6216a4fcf51922e623348d	0	7	0	0	0	0	0	0	6	6	8	3	3	0	4	11	5	0
70cb3273d4b74438274909a6ad77796c	0	3	0	0	0	6	0	0	5	0	7	0	8	0	3	10	6	0
9db5ee068937b60195ba5bcabcd0a3cb	0	0	4	0	0	0	0	0	5	0	5	0	0	8	4	13	4	8
fa64f2efbd2cbf5bdfc27131c61b78ec	5	0	0	3	0	10	7	0	7	0	0	0	0	4	0	16	0	0
2a5a679f03f9ae48f5df57ded6dc7d94	0	0	9	0	0	0	0	0	0	9	17	7	0	0	0	0	0	0
f56dc0ebd380497170e6697e601eb75f	0	0	0	0	0	0	20	0	0	0	0	0	29	0	0	0	0	0
8730664a684f21270d2c37fd031c189c	4	0	0	0	0	10	0	0	0	0	0	0	11	0	0	11	6	7
c60ae6b6f6ef235e7e831d4720ad90f1	0	0	0	0	0	0	0	0	0	0	0	0	0	0	0	19	17	16
e2d9d9d1228a1da55ad1756f14622e1a	0	0	0	0	0	0	0	0	0	0	1	5	2	0	2	18	17	2
2ecb92fc573a8a1de2abfc4b6e47bcd0	9	0	0	0	8	8	0	4	0	0	0	5	0	0	0	0	0	7
a8f224cd02675b9b3e72efb3962b85f8	0	0	4	4	0	11	0	0	0	0	2	4	7	11	0	0	0	0
1431abc085be8a1c3507d3584392279b	0	0	0	0	0	11	0	0	0	0	13	0	0	0	0	0	10	7
328af39bb1e746071317fc3e3638b0e3	0	0	0	0	14	0	0	0	6	0	12	0	0	0	8	0	0	0
0f730298f898adf19391707ede8896c9	0	0	2	2	6	5	6	0	0	0	0	2	6	0	0	5	7	0
75c6db2478f8c8cede66b3e58f141c06	0	0	0	0	0	0	3	0	0	0	0	0	0	0	2	7	10	23
d9fc494a3315766a3be04f033f58c6af	0	0	0	0	0	0	0	0	0	0	0	0	0	0	0	0	27	18
e8944a9e3964f246c5ec7c98e906173c	0	0	0	8	0	0	0	0	0	10	0	8	0	8	0	0	6	0
0419e3d4a4912b124b1dd191b3d6be90	0	0	0	0	0	0	34	11	4	0	0	0	0	0	0	0	0	0
6510679669fd5a0c55f4a801c9e4c886	0	0	0	0	0	0	6	0	0	0	0	0	0	0	0	0	33	0
3ce7010035746c3378de627dbbab184f	0	0	10	0	0	0	12	0	0	0	22	0	0	0	0	0	0	0
7ce992ea288fa2082a71f6797124a07f	0	0	0	0	0	14	0	0	0	0	0	14	15	0	0	0	0	0
7e554ddea802de3b934348db919e14a3	6	0	0	6	0	23	0	0	0	0	0	0	0	3	0	0	0	0
be69b85a735d948bcbb68ef80fc6bd46	7	0	0	0	0	0	0	0	0	0	0	20	11	0	0	0	0	0
d621aeb3ba946f28af4dfeba1cca0562	0	0	0	0	0	0	0	0	0	0	5	0	0	4	0	15	7	8
17ec135efc36dd35ddefabab06effca8	0	4	0	0	0	0	6	0	5	0	0	3	0	1	14	0	0	0
3c6477ac20ae29fcd6ec55733133bf29	0	4	6	0	5	0	0	0	0	0	2	0	0	0	0	13	8	0
4f9852a72059b0b00d7e1e26d3e4ad86	0	0	15	0	0	8	0	0	0	12	0	0	0	0	3	0	0	0
7eb47735caff787ad52e5308cc579a6d	0	0	3	4	11	12	0	0	0	0	4	0	0	0	4	0	0	0
df9e2c60384750432e31b2232b586e97	0	3	0	0	0	0	0	0	0	0	0	5	0	0	0	20	5	11
671a39682e9f7ce6de75790ceb149d0b	0	0	0	0	14	0	0	0	23	6	0	0	0	0	0	0	0	0